ID;Mean;Mean/linkerless;Median;SD;Count;std_error;name;lib;tile_number;lib,1;dna;name_tf;dna_tf;aa_tf;n_tf;score_tf;;std_tf;;ll_for;Standard_Error;Normalized_Mean;New_Standard_Error
Specimen_001_A3_A03,fcs;0,69;0,33;0,69;0,18;11332;0,001690905;ENSG00000130940;odd;63;2;CTAGACCTGACTGTGAAGGAGCCCAGCAACGAATCAAATGGCCACGCAGTCCCGGCAAATTCATCTCTTTTATCCTCGCTTATGAATAAG;ENSG00000130940_tile0063;CTAGACCTGACTGTGAAGGAGCCCAGCAACGAATCAAATGGCCACGCAGTCCCGGCAAATTCATCTCTTTTATCCTCGCTTATGAATAAG;LDLTVKEPSNESNGHAVPANSSLLSSLMNK;6;-0,04;;0,1;;;0,001690905;0,333333333;0,001015146
Specimen_001_A4_A04,fcs;0,33;0,16;0,33;0,1;13181;0,000871015;ENSG00000005889;odd;29;2;CCTTTGACTGTCTATCCTTGCATGATTTGTGGGAAGAAGTTTAAGTCGAGAGGTTTTTTGAAAAGGCACATGAAAAACCATCCCGAACAC;ENSG00000005889_tile0029;CCTTTGACTGTCTATCCTTGCATGATTTGTGGGAAGAAGTTTAAGTCGAGAGGTTTTTTGAAAAGGCACATGAAAAACCATCCCGAACAC;PLTVYPCMICGKKFKSRGFLKRHMKNHPEH;6;0,33;;0,05;;;0,000871015;0,15942029;0,000510044
Specimen_001_A7_A07,fcs;0,82;0,4;0,82;0,16;12531;0,001429312;ENSG00000111087;even;52;1;TGTCCCCAGCAGGCCTCATATCCTGACCCCACCCAAGAAACATGGGGTGAGTTCCCTTCCCACTCTGGGCTGTACCCAGGCCCCAAGGCT;ENSG00000111087_tile0052;TGTCCCCAGCAGGCCTCATATCCTGACCCCACCCAAGAAACATGGGGTGAGTTCCCTTCCCACTCTGGGCTGTACCCAGGCCCCAAGGCT;CPQQASYPDPTQETWGEFPSHSGLYPGPKA;6;0;;0,05;;;0,001429312;0,396135266;0,00099489
Specimen_001_A8_A08,fcs;0,043;0,02;0,038;0,039;12084;0,00035478;ENSG00000164379;even;22;1;CCCTGCAGGGCCCTGCTGCCGCTCTGCGCGTACGGCGCGGGCGAGCCGGCGCGGCTGGGCGCGCGCGAGGCCGAGGTGCCACCGACCGCG;ENSG00000164379_tile0022;CCCTGCAGGGCCCTGCTGCCGCTCTGCGCGTACGGCGCGGGCGAGCCGGCGCGGCTGGGCGCGCGCGAGGCCGAGGTGCCACCGACCGCG;PCRALLPLCAYGAGEPARLGAREAEVPPTA;6;0,78;;0,04;;;0,00035478;0,020772947;0,000175459
Specimen_001_A9_A09,fcs;0,68;0,33;0,67;0,17;12217;0,001538036;ENSG00000161914;ct;41;3;ACGTGCGATCGCTGCGGGAAGCGCTTCGAGAAGCTGGACAGCGTCAAGTTCCACACGCTCAAAAGCCACCCGGATCACAAGCCCACCTGA;ENSG00000161914_tile0041;ACGTGCGATCGCTGCGGGAAGCGCTTCGAGAAGCTGGACAGCGTCAAGTTCCACACGCTCAAAAGCCACCCGGATCACAAGCCCACCTGA;TCDRCGKRFEKLDSVKFHTLKSHPDHKPT*;5;0,09;;0,04;;;0,001538036;0,328502415;0,000951248
Specimen_001_A11_A11,fcs;0,7;0,34;0,7;0,16;10637;0,001551352;ENSG00000019549;ct;17;3;AAATACCAGTGCAAAAACTGCTCCAAAACCTTCTCCAGAATGTCTCTCCTGCACAAACATGAGGAATCTGGCTGCTGTGTAGCACACTGA;ENSG00000019549_tile0017;AAATACCAGTGCAAAAACTGCTCCAAAACCTTCTCCAGAATGTCTCTCCTGCACAAACATGAGGAATCTGGCTGCTGTGTAGCACACTGA;KYQCKNCSKTFSRMSLLHKHEESGCCVAH*;5;0,09;;0,04;;;0,001551352;0,338164251;0,000967229
Specimen_001_A12_A12,fcs;0,03;0,01;0,027;0,035;9990;0,000350175;ENSG00000113658;ct;31;3;GAGATTCATCTTCATGGGCCTCTTCAGTGGCTGGATAAAGTCCTTACTCAGATGGGCTCCCCTCTGAACCCCATATCTTCTGTTTCATAA;ENSG00000113658_tile0031;GAGATTCATCTTCATGGGCCTCTTCAGTGGCTGGATAAAGTCCTTACTCAGATGGGCTCCCCTCTGAACCCCATATCTTCTGTTTCATAA;EIHLHGPLQWLDKVLTQMGSPLNPISSVS*;5;1;;0,03;;;0,000350175;0,014492754;0,000171184
Specimen_001_B1_B01,fcs;0,41;0,2;0,41;0,12;12485;0,001073957;ENSG00000196653;odd;17;2;TGCAATGAATGTGGGAATTCCTTCCGCAATCACTCACATCTCACTGAACACCAGAGAATTCACACTGGAGAGAAACCTTATAAATGCAAT;ENSG00000196653_tile0017;TGCAATGAATGTGGGAATTCCTTCCGCAATCACTCACATCTCACTGAACACCAGAGAATTCACACTGGAGAGAAACCTTATAAATGCAAT;CNECGNSFRNHSHLTEHQRIHTGEKPYKCN;6;0,24;;0,05;;;0,001073957;0,198067633;0,000630422
Specimen_001_B2_B02,fcs;0,45;0,22;0,45;0,13;12423;0,001166353;ENSG00000153879;odd;1;2;ATGAGCAAGATATCGCAGCAAAACAGCACTCCAGGGGTGAACGGAATTAGTGTTATCCATACCCAGGCACATGCCAGCGGCTTACAGCAG;ENSG00000153879_tile0001;ATGAGCAAGATATCGCAGCAAAACAGCACTCCAGGGGTGAACGGAATTAGTGTTATCCATACCCAGGCACATGCCAGCGGCTTACAGCAG;MSKISQQNSTPGVNGISVIHTQAHASGLQQ;6;0,35;;0,02;;;0,001166353;0,217391304;0,000687013
Specimen_001_B3_B03,fcs;0,14;0,07;0,14;0,062;12709;0,000549966;ENSG00000196081;odd;37;2;AAAGCTTTTTACCAATACTCAAACCTTACTCAACATAAGATAATTCATACTGGAGAGAAACCCTACAAATGTGAAGAATGTGGCAAAGCC;ENSG00000196081_tile0037;AAAGCTTTTTACCAATACTCAAACCTTACTCAACATAAGATAATTCATACTGGAGAGAAACCCTACAAATGTGAAGAATGTGGCAAAGCC;KAFYQYSNLTQHKIIHTGEKPYKCEECGKA;6;0,76;;0,04;;;0,000549966;0,06763285;0,000292477
Specimen_001_B6_B06,fcs;0,25;0,12;0,25;0,11;26626;0,000674124;ENSG00000066336;even;4;1;CATAGCGACCATTACTGGGACTTCCACCCCCACCACGTGCACAGCGAGTTCGAGAGCTTCGCCGAGAACAACTTCACGGAGCTCCAGAGC;ENSG00000066336_tile0004;CATAGCGACCATTACTGGGACTTCCACCCCCACCACGTGCACAGCGAGTTCGAGAGCTTCGCCGAGAACAACTTCACGGAGCTCCAGAGC;HSDHYWDFHPHHVHSEFESFAENNFTELQS;6;0,32;;0,05;;;0,000674124;0,120772947;0,000392101
Specimen_001_B8_B08,fcs;0,19;0,09;0,19;0,085;17454;0,000643386;ENSG00000185420;even;2;1;AACGGGCTGCGCGCCGTGACCCCGCTGCGCCCCGGAGAGCTACTCTTCCGCTCGGATCCCTTGGCGTACACGGTGTGCAAGGGGAGTCGT;ENSG00000185420_tile0002;AACGGGCTGCGCGCCGTGACCCCGCTGCGCCCCGGAGAGCTACTCTTCCGCTCGGATCCCTTGGCGTACACGGTGTGCAAGGGGAGTCGT;NGLRAVTPLRPGELLFRSDPLAYTVCKGSR;6;0,63;;0,04;;;0,000643386;0,09178744;0,000352348
Specimen_001_B9_B09,fcs;0,62;0,3;0,62;0,17;15789;0,001352918;ENSG00000198482;ct;60;3;TACAAGTGTAATGAGTGTGGCAAAGCCTTTAGTGACCGGTCAACACTTATTCACCATCAGGCAATTCATGGTATAGGGAAATTTGATTAA;ENSG00000198482_tile0060;TACAAGTGTAATGAGTGTGGCAAAGCCTTTAGTGACCGGTCAACACTTATTCACCATCAGGCAATTCATGGTATAGGGAAATTTGATTAA;YKCNECGKAFSDRSTLIHHQAIHGIGKFD*;5;0,16;;0,02;;;0,001352918;0,299516908;0,000848801
Specimen_001_B11_B11,fcs;1,28;0,62;1,26;0,29;15941;0,00229689;ENSG00000164853;ct;35;3;GCCGAGGAGCCGGCCACCTGCGGGGTTCCCGAGCCTGGCGCGGCGGCCGGACCCAGCCCGCCGGAGGGCGAGGAGCTGGACATGGACTGA;ENSG00000164853_tile0035;GCCGAGGAGCCGGCCACCTGCGGGGTTCCCGAGCCTGGCGCGGCGGCCGGACCCAGCCCGCCGGAGGGCGAGGAGCTGGACATGGACTGA;AEEPATCGVPEPGAAAGPSPPEGEELDMD*;5;-0,04;;0,02;;;0,00229689;0,618357488;0,001575216
Specimen_001_B12_B12,fcs;0,053;0,03;0,051;0,037;14684;0,000305337;ENSG00000188620;ct;23;3;CCAGTCAGCCAGCCGCTGCTCACCTTCCCGCACCCCGTCTACTACTCGCACCCGGTGGTCTCTTCCGTGCCGCTGCTACGGCCGGTCTGA;ENSG00000188620_tile0023;CCAGTCAGCCAGCCGCTGCTCACCTTCCCGCACCCCGTCTACTACTCGCACCCGGTGGTCTCTTCCGTGCCGCTGCTACGGCCGGTCTGA;PVSQPLLTFPHPVYYSHPVVSSVPLLRPV*;5;1;;0,01;;;0,000305337;0,025603865;0,0001546
Specimen_001_C1_C01,fcs;0,75;0,36;0,74;0,25;20248;0,001756908;ENSG00000112242;odd;9;2;CGCGGCGGCAGCGGCGGCGGCGGCGGCCCTCCGGCAAAGCGAAGGCTGGAGCTAGGAGAAAGCGGTCATCAGTACCTCTCAGATGGTTTA;ENSG00000112242_tile0009;CGCGGCGGCAGCGGCGGCGGCGGCGGCCCTCCGGCAAAGCGAAGGCTGGAGCTAGGAGAAAGCGGTCATCAGTACCTCTCAGATGGTTTA;RGGSGGGGGPPAKRRLELGESGHQYLSDGL;6;0,09;;0,04;;;0,001756908;0,362318841;0,001072171
Specimen_001_C2_C02,fcs;0,83;0,4;0,82;0,16;11466;0,001494218;ENSG00000160908;odd;15;2;ATTTTAGAAGAAGCGGAGCCACAGGGGCAACTACAAGAAGCGTTCCAGGGGAAGCGCCCCCTGTTTTCTAAGTGTGGCAGTACCCATGAG;ENSG00000160908_tile0015;ATTTTAGAAGAAGCGGAGCCACAGGGGCAACTACAAGAAGCGTTCCAGGGGAAGCGCCCCCTGTTTTCTAAGTGTGGCAGTACCCATGAG;ILEEAEPQGQLQEAFQGKRPLFSKCGSTHE;6;-0,04;;0,03;;;0,001494218;0,400966184;0,001023074
Specimen_001_C4_C04,fcs;0,41;0,2;0,4;0,11;13499;0,000946764;ENSG00000130684;odd;35;2;TTGGGTGAGAAACGTTTTTTCTGCAGGGATTGTGGGCGAGGCTTTACCTTGAAGCCAAATCTCACCATACATCAGAGGACACACTCAGGA;ENSG00000130684_tile0035;TTGGGTGAGAAACGTTTTTTCTGCAGGGATTGTGGGCGAGGCTTTACCTTGAAGCCAAATCTCACCATACATCAGAGGACACACTCAGGA;LGEKRFFCRDCGRGFTLKPNLTIHQRTHSG;6;0,45;;0,07;;;0,000946764;0,198067633;0,000580903
Specimen_001_C5_C05,fcs;0,094;0,05;0,093;0,042;14769;0,0003456;ENSG00000178229;even;26;1;TTTTGCGAGAGTGCAGACCTCATTCAACACTACATTATCCACACTGGGGAGAAGCCCTATAAGTGCATGGAGTGTGGGAAGGCGTTCAAC;ENSG00000178229_tile0026;TTTTGCGAGAGTGCAGACCTCATTCAACACTACATTATCCACACTGGGGAGAAGCCCTATAAGTGCATGGAGTGTGGGAAGGCGTTCAAC;FCESADLIQHYIIHTGEKPYKCMECGKAFN;6;0,68;;0,03;;;0,0003456;0,045410628;0,000186054
Specimen_001_C6_C06,fcs;0,5;0,24;0,51;0,13;14739;0,001070802;ENSG00000066336;even;4;1;CATAGCGACCATTACTGGGACTTCCACCCCCACCACGTGCACAGCGAGTTCGAGAGCTTCGCCGAGAACAACTTCACGGAGCTCCAGAGC;ENSG00000066336_tile0004;CATAGCGACCATTACTGGGACTTCCACCCCCACCACGTGCACAGCGAGTTCGAGAGCTTCGCCGAGAACAACTTCACGGAGCTCCAGAGC;HSDHYWDFHPHHVHSEFESFAENNFTELQS;6;0,32;;0,05;;;0,001070802;0,241545894;0,000677009
Specimen_001_C7_C07,fcs;1,03;0,5;1,02;0,19;12127;0,001725349;ENSG00000070444;even;2;1;CAAGCGCAGCAACAACAGAGAGCACGTGAGGAGCAGGAGCGGCTTCGCTTGGAGCAGGAGCGAGAGCAGGAACAGAAGAAGGCCAATAGC;ENSG00000070444_tile0002;CAAGCGCAGCAACAACAGAGAGCACGTGAGGAGCAGGAGCGGCTTCGCTTGGAGCAGGAGCGAGAGCAGGAACAGAAGAAGGCCAATAGC;QAQQQQRAREEQERLRLEQEREQEQKKANS;6;-0,03;;0,08;;;0,001725349;0,497584541;0,001226449
Specimen_001_C8_C08,fcs;0,57;0,28;0,57;0,11;13177;0,000958262;ENSG00000196652;even;20;1;ACCGAAAGGAGCGTTCCTCAGGATCCAGACTTTGCAGAAGTCAGTGACCTTAAAGGCATGGTACAAAGGTGGCAGGTCAACCCCACTGTG;ENSG00000196652_tile0020;ACCGAAAGGAGCGTTCCTCAGGATCCAGACTTTGCAGAAGTCAGTGACCTTAAAGGCATGGTACAAAGGTGGCAGGTCAACCCCACTGTG;TERSVPQDPDFAEVSDLKGMVQRWQVNPTV;6;0,14;;0,08;;;0,000958262;0,275362319;0,000679851
Specimen_001_C9_C09,fcs;0,35;0,17;0,35;0,093;12728;0,000824333;ENSG00000106038;ct;27;3;GACTCCTTCCTCACCTTCGCGCCCTCGGTGCTCAGCAAGGCCTCCTCCGTCGCGCTGGACCAGAGGGAGGAGGTGCCCCTCACTAGATAA;ENSG00000106038_tile0027;GACTCCTTCCTCACCTTCGCGCCCTCGGTGCTCAGCAAGGCCTCCTCCGTCGCGCTGGACCAGAGGGAGGAGGTGCCCCTCACTAGATAA;DSFLTFAPSVLSKASSVALDQREEVPLTR*;5;0,46;;0,02;;;0,000824333;0,169082126;0,000502048
Specimen_001_C12_C12,fcs;0,33;0,16;0,33;0,086;11033;0,000818751;ENSG00000120837;ct;13;3;ATAACCACAGACGGTCAACAACAAAATGTTATGGTTTACACAACATCATATCAACAGATTTCTGGTGTTCAGCAAATTCAGTTTTCATGA;ENSG00000120837_tile0013;ATAACCACAGACGGTCAACAACAAAATGTTATGGTTTACACAACATCATATCAACAGATTTCTGGTGTTCAGCAAATTCAGTTTTCATGA;ITTDGQQQNVMVYTTSYQQISGVQQIQFS*;5;0,64;;0,02;;;0,000818751;0,15942029;0,000489422
Specimen_001_D1_D01,fcs;0,018;0,01;0,015;0,021;15919;0,000166441;ENSG00000172238;odd;13;2;CAGCTGCGCAATGTTATCCCGTCGTTCAACAACGACAAGAAGCTGTCCAAATATGAGACCCTGCAGATGGCCCAAATCTACATCAACGCC;ENSG00000172238_tile0013;CAGCTGCGCAATGTTATCCCGTCGTTCAACAACGACAAGAAGCTGTCCAAATATGAGACCCTGCAGATGGCCCAAATCTACATCAACGCC;QLRNVIPSFNNDKKLSKYETLQMAQIYINA;6;0,99;;0,04;;;0,000166441;0,008695652;8,19E-05
Specimen_001_D2_D02,fcs;0,5;0,24;0,5;0,16;12594;0,001425733;ENSG00000079432;odd;65;2;TCCGTGCAGCCGAGCGAGGCCCAGCAACCTGCCAGCCACCCAGTGGCCTCCAACCAGAGCAAAGAACCTGCTGAGTCGGCAGCTGTTGCT;ENSG00000079432_tile0065;TCCGTGCAGCCGAGCGAGGCCCAGCAACCTGCCAGCCACCCAGTGGCCTCCAACCAGAGCAAAGAACCTGCTGAGTCGGCAGCTGTTGCT;SVQPSEAQQPASHPVASNQSKEPAESAAVA;6;0,1;;0,02;;;0,001425733;0,241545894;0,000815559
Specimen_001_D3_D03,fcs;0,1;0,05;0,1;0,053;12802;0,000468422;ENSG00000170485;odd;9;2;CCGTCGGATGTCATGGATCAGAATTTGTTAAATTTCCTCCCAGAACAAGAACATTCAGAAGTTTATAAAATCCTTTCTTCCCATATGCTT;ENSG00000170485_tile0009;CCGTCGGATGTCATGGATCAGAATTTGTTAAATTTCCTCCCAGAACAAGAACATTCAGAAGTTTATAAAATCCTTTCTTCCCATATGCTT;PSDVMDQNLLNFLPEQEHSEVYKILSSHML;4;0,82;;0,05;;;0,000468422;0,048309179;0,000242564
Specimen_001_D4_D04,fcs;1,02;0,49;1;0,27;21648;0,001835079;ENSG00000107859;odd;3;2;CACGGCTGCAAGGGCCAGGAGCACAGCGACTCAGAAAAGGCCTCGGCTTCGCTGCCCGGCGGCTCCCCAGAGGACGGTTCGCTGAAAAAG;ENSG00000107859_tile0003;CACGGCTGCAAGGGCCAGGAGCACAGCGACTCAGAAAAGGCCTCGGCTTCGCTGCCCGGCGGCTCCCCAGAGGACGGTTCGCTGAAAAAG;HGCKGQEHSDSEKASASLPGGSPEDGSLKK;6;-0,04;;0,03;;;0,001835079;0,492753623;0,001256866
Specimen_001_D5_D05,fcs;0,72;0,35;0,72;0,19;13635;0,001627144;ENSG00000185252;even;8;1;AGGGAAGTCCCCAGAGGGCCCTGTCCAGAATGGGAGCTGAAGGCGGTGCCCTCTCAACAGCAGGGCATTTGCAAAGAAGAACCGGCCCAG;ENSG00000185252_tile0008;AGGGAAGTCCCCAGAGGGCCCTGTCCAGAATGGGAGCTGAAGGCGGTGCCCTCTCAACAGCAGGGCATTTGCAAAGAAGAACCGGCCCAG;REVPRGPCPEWELKAVPSQQQGICKEEPAQ;6;0;;0,07;;;0,001627144;0,347826087;0,001006688
Specimen_001_D7_D07,fcs;0,088;0,04;0,077;0,098;15675;0,000782749;ENSG00000173153;even;18;1;GACCAGATGTCAGTACTGCAGAGCGTGTGGATGGAGGTGCTGGTGCTGGGTGTGGCCCAGCGCTCACTGCCACTGCAGGATGAGCTGGCC;ENSG00000173153_tile0018;GACCAGATGTCAGTACTGCAGAGCGTGTGGATGGAGGTGCTGGTGCTGGGTGTGGCCCAGCGCTCACTGCCACTGCAGGATGAGCTGGCC;DQMSVLQSVWMEVLVLGVAQRSLPLQDELA;6;0,97;;0,06;;;0,000782749;0,042512077;0,000385873
Specimen_001_D9_D09,fcs;0,3;0,14;0,29;0,13;13676;0,001111639;ENSG00000173673;ct;12;3;CAGCCAGCGTCGAGTCGCTGCGCCGAGAGTCCCGGGCTGGGCCTGCGCGTGTGGCGGCCCTGGGGAAGCCCCGGGGATGACCTGAACTGA;ENSG00000173673_tile0012;CAGCCAGCGTCGAGTCGCTGCGCCGAGAGTCCCGGGCTGGGCCTGCGCGTGTGGCGGCCCTGGGGAAGCCCCGGGGATGACCTGAACTGA;QPASSRCAESPGLGLRVWRPWGSPGDDLN*;5;0,59;;0,02;;;0,001111639;0,144927536;0,000597548
Specimen_001_D11_D11,fcs;0,91;0,44;0,89;0,21;15124;0,001707599;ENSG00000140262;ct;47;3;GTTTCTGCCGTATCGGCAGAGCCGCCAACCACACTGCCAGGAACCCATCCTGGGCTTAGTGAAACTACCAACCCTATGGGTCATATGTAA;ENSG00000140262_tile0047;GTTTCTGCCGTATCGGCAGAGCCGCCAACCACACTGCCAGGAACCCATCCTGGGCTTAGTGAAACTACCAACCCTATGGGTCATATGTAA;VSAVSAEPPTTLPGTHPGLSETTNPMGHM*;5;-0,01;;0,03;;;0,001707599;0,439613527;0,001145571
Specimen_001_D12_D12,fcs;0,87;0,42;0,86;0,22;17255;0,001674809;ENSG00000197024;ct;42;3;GGGCTTGAAACTTCTGGCCTGGGTGTCAACACTGAAGGTCTAGAGACCAACCAGTGGTATGGGGAAGGGAGTGGAGGGGGAGTTTTGTAA;ENSG00000197024_tile0042;GGGCTTGAAACTTCTGGCCTGGGTGTCAACACTGAAGGTCTAGAGACCAACCAGTGGTATGGGGAAGGGAGTGGAGGGGGAGTTTTGTAA;GLETSGLGVNTEGLETNQWYGEGSGGGVL*;5;-0,01;;0,02;;;0,001674809;0,420289855;0,001110011
Specimen_001_E1_E01,fcs;0,14;0,07;0,14;0,045;11638;0,000417132;ENSG00000197128;odd;17;2;GTTCAACACCAGAGAGTCCACACTGGAGAAAGGCCTTATGAGTGCGGTGAATGTGGGAAAACCTTTAGCCGCAAACCCATACTTGCTCAG;ENSG00000197128_tile0017;GTTCAACACCAGAGAGTCCACACTGGAGAAAGGCCTTATGAGTGCGGTGAATGTGGGAAAACCTTTAGCCGCAAACCCATACTTGCTCAG;VQHQRVHTGERPYECGECGKTFSRKPILAQ;6;0,9;;0,09;;;0,000417132;0,06763285;0,000235716
Specimen_001_E3_E03,fcs;0,4;0,19;0,39;0,092;11871;0,000844392;ENSG00000105991;odd;9;2;GGTGGGTACCCCCAGTGCGCTCCCGCTGTTTACTCTGGAAATCTCTCATCTCCCATGGTCCAGCATCACCACCACCACCAGGGTTATGCT;ENSG00000105991_tile0009;GGTGGGTACCCCCAGTGCGCTCCCGCTGTTTACTCTGGAAATCTCTCATCTCCCATGGTCCAGCATCACCACCACCACCAGGGTTATGCT;GGYPQCAPAVYSGNLSSPMVQHHHHHQGYA;6;0,5;;0,03;;;0,000844392;0,193236715;0,000537099
Specimen_001_E6_E06,fcs;0,82;0,4;0,81;0,16;14885;0,001311431;ENSG00000187098;even;12;1;GATCATGTCATGCCACCGGTGCCGGGGAGCAGCGCACCCAACAGCCCCATGGCTATGCTTACGCTTAACTCCAACTGTGAAAAAGAGGGA;ENSG00000187098_tile0012;GATCATGTCATGCCACCGGTGCCGGGGAGCAGCGCACCCAACAGCCCCATGGCTATGCTTACGCTTAACTCCAACTGTGAAAAAGAGGGA;DHVMPPVPGSSAPNSPMAMLTLNSNCEKEG;6;-0,06;;0,09;;;0,001311431;0,396135266;0,000956246
Specimen_001_E7_E07,fcs;0,082;0,04;0,079;0,044;14441;0,000366146;ENSG00000011451;even;112;1;TGGTGCGTCAATGGCTCGCCCATCGAGACACTGAGCGAGTGGATCAAACACCGGCCCCAGAAGGTGGGCGCCTACCGCAGCTACATCCAG;ENSG00000011451_tile0112;TGGTGCGTCAATGGCTCGCCCATCGAGACACTGAGCGAGTGGATCAAACACCGGCCCCAGAAGGTGGGCGCCTACCGCAGCTACATCCAG;WCVNGSPIETLSEWIKHRPQKVGAYRSYIQ;6;0,69;;0,03;;;0,000366146;0,039613527;0,000190834
Specimen_001_E10_E10,fcs;0,027;0,01;0,023;0,043;13561;0,000369252;ENSG00000127445;ct;10;3;GAAGACGCCTCGTTTGCGCTGCGGACGGGGGAGATGAGCGGGCCCGTGTTCACGGATTCCGGCATCCACATCATCCTCCGCACTGAGTGA;ENSG00000127445_tile0010;GAAGACGCCTCGTTTGCGCTGCGGACGGGGGAGATGAGCGGGCCCGTGTTCACGGATTCCGGCATCCACATCATCCTCCGCACTGAGTGA;EDASFALRTGEMSGPVFTDSGIHIILRTE*;5;0,99;;0,01;;;0,000369252;0,013043478;0,000179935
Specimen_001_E11_E11,fcs;0,54;0,26;0,53;0,18;15694;0,001436831;ENSG00000169594;ct;66;3;ATGTTTTCGTCTGTTCGCAGTCGAAACAGACACAGCCAGAATCCCAACCTGCACAAAAGCCTGGCCTCATCTCCAAGTCACCTCCAGTAA;ENSG00000169594_tile0066;ATGTTTTCGTCTGTTCGCAGTCGAAACAGACACAGCCAGAATCCCAACCTGCACAAAAGCCTGGCCTCATCTCCAAGTCACCTCCAGTAA;MFSSVRSRNRHSQNPNLHKSLASSPSHLQ*;5;0,31;;0,02;;;0,001436831;0,260869565;0,00083922
Specimen_001_E12_E12,fcs;0,46;0,22;0,46;0,23;29685;0,001334933;ENSG00000269404;even;16;1;AAGCTGGCGCGCGCCCTCCGAAACTACGCCAAGACCGGCGAGATCCGCAAGGTCAAGCGCAAGCTCACCTACCAGTTCGACAGCGCGCTG;ENSG00000269404_tile0016;AAGCTGGCGCGCGCCCTCCGAAACTACGCCAAGACCGGCGAGATCCGCAAGGTCAAGCGCAAGCTCACCTACCAGTTCGACAGCGCGCTG;KLARALRNYAKTGEIRKVKRKLTYQFDSAL;6;0,61;;0,05;;;0,001334933;0,222222222;0,000759827
Specimen_001_F1_F01,fcs;0,74;0,36;0,72;0,31;15408;0,002497403;ENSG00000197497;odd;33;2;TCTGGAGAGAAACCTTACAAGTGTGATGAATGTGGTAAAGCCTTCAGTCAAACATCACAACTTGCAAGGCATTGGAGAGTTCATACTGGA;ENSG00000197497_tile0033;TCTGGAGAGAAACCTTACAAGTGTGATGAATGTGGTAAAGCCTTCAGTCAAACATCACAACTTGCAAGGCATTGGAGAGTTCATACTGGA;SGEKPYKCDECGKAFSQTSQLARHWRVHTG;6;-0,04;;0,04;;;0,002497403;0,357487923;0,001368719
Specimen_001_F2_F02,fcs;0,25;0,12;0,24;0,11;20197;0,000774015;ENSG00000198740;odd;27;2;GACGAAAGGTTTCAGTACAAGTACCAGCTACGCTCCCACATGAGCATTCATATTGGGCACAAACAGTTCATGTGCCAGTGGTGTGGCAAG;ENSG00000198740_tile0027;GACGAAAGGTTTCAGTACAAGTACCAGCTACGCTCCCACATGAGCATTCATATTGGGCACAAACAGTTCATGTGCCAGTGGTGTGGCAAG;DERFQYKYQLRSHMSIHIGHKQFMCQWCGK;6;0,65;;0,02;;;0,000774015;0,120772947;0,000433016
Specimen_001_F7_F07,fcs;0,38;0,18;0,37;0,22;13695;0,00187993;ENSG00000122180;even;2;1;TTCTATGATGGGGAAAACTACCTGCCTGTCCACCTCCAGGGCTTCGAACCACCAGGCTACGAGCGGACGGAGCTCACCCTGAGCCCCGAG;ENSG00000122180_tile0002;TTCTATGATGGGGAAAACTACCTGCCTGTCCACCTCCAGGGCTTCGAACCACCAGGCTACGAGCGGACGGAGCTCACCCTGAGCCCCGAG;FYDGENYLPVHLQGFEPPGYERTELTLSPE;6;0,36;;0,03;;;0,00187993;0,183574879;0,000966935
Specimen_001_F8_F08,fcs;0,06;0,03;0,053;0,058;12960;0,000509478;ENSG00000101190;even;22;1;GGTAGTAGAAACAAAGTTTTGCCTGAGCAAGTTTGGATTAAAGTGGGAGAAGCAGCGCTATGCAAACAAGCACTGAAGAGGAATCGGAGT;ENSG00000101190_tile0022;GGTAGTAGAAACAAAGTTTTGCCTGAGCAAGTTTGGATTAAAGTGGGAGAAGCAGCGCTATGCAAACAAGCACTGAAGAGGAATCGGAGT;GSRNKVLPEQVWIKVGEAALCKQALKRNRS;6;1,16;;0,16;;;0,000509478;0,028985507;0,000251643
Specimen_001_F9_F09,fcs;0,86;0,42;0,84;0,21;14113;0,001767704;ENSG00000134852;ct;56;3;CACCAGCAACATCAGTCTCAGCAACAGCAGCAACTCAGCCGGCACAGGACTGACAGCTTGCCCGACCCTTCCAAGGTTCAACCACAGTAG;ENSG00000134852_tile0056;CACCAGCAACATCAGTCTCAGCAACAGCAGCAACTCAGCCGGCACAGGACTGACAGCTTGCCCGACCCTTCCAAGGTTCAACCACAGTAG;HQQHQSQQQQQLSRHRTDSLPDPSKVQPQ*;5;0,01;;0,03;;;0,001767704;0,415458937;0,001137347
Specimen_001_F10_F10,fcs;0,35;0,17;0,35;0,099;14097;0,000833819;ENSG00000110777;ct;17;3;AGCTCGTTGACCATCGACAAGCTGCTTTTGGAGGAAGAGGATAGCGACGCCTATGCGCTTAACCACACTCTCTCTGTGGAAGGCTTTTAG;ENSG00000110777_tile0017;AGCTCGTTGACCATCGACAAGCTGCTTTTGGAGGAAGAGGATAGCGACGCCTATGCGCTTAACCACACTCTCTCTGTGGAAGGCTTTTAG;SSLTIDKLLLEEEDSDAYALNHTLSVEGF*;5;0,45;;0,02;;;0,000833819;0,169082126;0,00050569
Specimen_001_F11_F11,fcs;0,5;0,24;0,5;0,16;16902;0,001230696;ENSG00000129535;ct;15;3;GCCCGGGAGCGCGATCTCTACAAGGCTCGCTGTGACCGGCTAACCTCGAGCGGCCCCGGGTCCGGGGACCCCTCCCACCTCTTCCTCTGA;ENSG00000129535_tile0015;GCCCGGGAGCGCGATCTCTACAAGGCTCGCTGTGACCGGCTAACCTCGAGCGGCCCCGGGTCCGGGGACCCCTCCCACCTCTTCCTCTGA;ARERDLYKARCDRLTSSGPGSGDPSHLFL*;5;0,3;;0,01;;;0,001230696;0,241545894;0,000737715
Specimen_001_F12_F12,fcs;0,041;0,02;0,039;0,024;13374;0,00020753;ENSG00000205922;ct;32;3;CGGCGCCGCTGCATGAACCGCTGGGCTGAGGAGCCCAGCACGGCCCCCGGGGGCCCCGCCGGCGCCACGGCCACTTTCTCCAAGGCCTGA;ENSG00000205922_tile0032;CGGCGCCGCTGCATGAACCGCTGGGCTGAGGAGCCCAGCACGGCCCCCGGGGGCCCCGCCGGCGCCACGGCCACTTTCTCCAAGGCCTGA;RRRCMNRWAEEPSTAPGGPAGATATFSKA*;5;0,68;;0,03;;;0,00020753;0,019806763;0,00010646
Specimen_001_G1_G01,fcs;0,052;0,03;0,042;0,043;10950;0,000410924;ENSG00000197757;odd;5;2;GTCGTGTTCAGTTCCAGCCGGGGGCCGTATGACTATGGATCTAATTCCTTTTACCAGGAGAAAGACATGCTCTCAAACTGCAGACAAAAC;ENSG00000197757_tile0005;GTCGTGTTCAGTTCCAGCCGGGGGCCGTATGACTATGGATCTAATTCCTTTTACCAGGAGAAAGACATGCTCTCAAACTGCAGACAAAAC;VVFSSSRGPYDYGSNSFYQEKDMLSNCRQN;6;1,06;;0,1;;;0,000410924;0,025120773;0,000203644
Specimen_001_G2_G02,fcs;0,62;0,3;0,61;0,21;13725;0,001792516;ENSG00000196653;odd;9;2;TCTACAGAAGAGAGTCTGCATCAGTGGGAAACAAGTAATATACAAACCAATGATATTTCAGACCAAAGTAAATGTCCAACTCTCTGCACA;ENSG00000196653_tile0009;TCTACAGAAGAGAGTCTGCATCAGTGGGAAACAAGTAATATACAAACCAATGATATTTCAGACCAAAGTAAATGTCCAACTCTCTGCACA;STEESLHQWETSNIQTNDISDQSKCPTLCT;6;0,09;;0,07;;;0,001792516;0,299516908;0,001021352
Specimen_001_G3_G03,fcs;0,88;0,43;0,87;0,16;11609;0,001484987;ENSG00000204612;odd;13;2;CATCAGCAACCGCCTACTGCTCCGCAGCCGCCTCCGCACCTCCCGTCACAGCCCCCGCAGCAACCGCCCCAGCAGTCGCAGCCTCAGCAG;ENSG00000204612_tile0013;CATCAGCAACCGCCTACTGCTCCGCAGCCGCCTCCGCACCTCCCGTCACAGCCCCCGCAGCAACCGCCCCAGCAGTCGCAGCCTCAGCAG;HQQPPTAPQPPPHLPSQPPQQPPQQSQPQQ;6;0,03;;0,07;;;0,001484987;0,425120773;0,001051426
Specimen_001_G5_G05,fcs;0,85;0,41;0,84;0,24;12165;0,002175981;ENSG00000196132;even;66;1;GCTGGAAAGAAGGGAAAACTGTCAGGGGATGAGGTCCTCAGTCCAAAGTTCAAGACTAGCGACGTGTTGGAGAATGATGAGGAGATCAAG;ENSG00000196132_tile0066;GCTGGAAAGAAGGGAAAACTGTCAGGGGATGAGGTCCTCAGTCCAAAGTTCAAGACTAGCGACGTGTTGGAGAATGATGAGGAGATCAAG;AGKKGKLSGDEVLSPKFKTSDVLENDEEIK;6;-0,14;;0,18;;;0,002175981;0,410628019;0,001286964
Specimen_001_G6_G06,fcs;0,58;0,28;0,57;0,18;15114;0,001464141;ENSG00000100207;even;76;1;CAGCAGTTTCTTGACAGAGTACGGAGCCCTCTGAAAAATGACAAAGATGGTATGATGTATGGCCCACCAGTGGGGACTTACCATGACCCC;ENSG00000100207_tile0076;CAGCAGTTTCTTGACAGAGTACGGAGCCCTCTGAAAAATGACAAAGATGGTATGATGTATGGCCCACCAGTGGGGACTTACCATGACCCC;QQFLDRVRSPLKNDKDGMMYGPPVGTYHDP;6;0,2;;0,06;;;0,001464141;0,280193237;0,000870035
Specimen_001_G9_G09,fcs;0,025;0,01;0,022;0,041;11545;0,000381581;ENSG00000115112;ct;31;3;AACTTCCAAGATGAATCCTGTTTTGTCCTCAGCACAATTAAAGCTGAGAGCAATGATGGCTACCACATCATCCTGAAATGTGGACTCTGA;ENSG00000115112_tile0031;AACTTCCAAGATGAATCCTGTTTTGTCCTCAGCACAATTAAAGCTGAGAGCAATGATGGCTACCACATCATCCTGAAATGTGGACTCTGA;NFQDESCFVLSTIKAESNDGYHIILKCGL*;5;0,99;;0,04;;;0,000381581;0,012077295;0,000185628
Specimen_001_G10_G10,fcs;0,97;0,47;0,96;0,31;13390;0,002678992;ENSG00000131127;ct;31;3;ACTGTAGATAAACCCTACAAATGTAAAGATTGTGACAAAGCCTTTAAACGGTTCTCACACCTGAATAAACATAAGAAAATTCATACTTGA;ENSG00000131127_tile0031;ACTGTAGATAAACCCTACAAATGTAAAGATTGTGACAAAGCCTTTAAACGGTTCTCACACCTGAATAAACATAAGAAAATTCATACTTGA;TVDKPYKCKDCDKAFKRFSHLNKHKKIHT*;5;0,02;;0,03;;;0,002678992;0,468599034;0,001546882
Specimen_001_G11_G11,fcs;0,56;0,27;0,56;0,14;13378;0,00121041;ENSG00000204859;ct;45;3;CTGTGTGCAGAGGAGAGCTTCACCGGCCCAGGTGTCCTGGAGCCCTCCCTCATCATCACAGCTGCTGTCCCCGAGGACTGTGACACATAG;ENSG00000204859_tile0045;CTGTGTGCAGAGGAGAGCTTCACCGGCCCAGGTGTCCTGGAGCCCTCCCTCATCATCACAGCTGCTGTCCCCGAGGACTGTGACACATAG;LCAEESFTGPGVLEPSLIITAAVPEDCDT*;5;0,25;;0,03;;;0,00121041;0,270531401;0,000762359
Specimen_001_H4_H04,fcs;0,52;0,25;0,51;0,14;13761;0,001193447;ENSG00000159263;odd;41;2;AACTACCACCGCGTGCTGGCCCGGCGCGGACCGCTGGGGGGCGCCGCACCCGCCGCCTCCGGCCTGGCCTGCGCTCCCGGCGGCCCCGAG;ENSG00000159263_tile0041;AACTACCACCGCGTGCTGGCCCGGCGCGGACCGCTGGGGGGCGCCGCACCCGCCGCCTCCGGCCTGGCCTGCGCTCCCGGCGGCCCCGAG;NYHRVLARRGPLGGAAPAASGLACAPGGPE;6;0,34;;0,03;;;0,001193447;0,251207729;0,000733972
Specimen_001_H5_H05,fcs;0,83;0,4;0,82;0,21;12427;0,001883806;ENSG00000143842;even;20;1;CTGCAGGAGCCCTCCCAGCCCCTGAACCTCACAGCCAAGCCCAAGGCCCCCGAGCTGCCCAACACCTCCAGCTCCCCAAGCCTGAAGATG;ENSG00000143842_tile0020;CTGCAGGAGCCCTCCCAGCCCCTGAACCTCACAGCCAAGCCCAAGGCCCCCGAGCTGCCCAACACCTCCAGCTCCCCAAGCCTGAAGATG;LQEPSQPLNLTAKPKAPELPNTSSSPSLKM;6;0,07;;0,04;;;0,001883806;0,400966184;0,001163535
Specimen_001_H9_H09,fcs;0,59;0,29;0,58;0,19;13104;0,001659784;ENSG00000158691;ct;40;3;TGTAAAGAGTGTGGGAAATCATTCAGGCAGAACTCAGCTCTTACTCAACATCAGACTATCCACAAAGGAGAAAAATCTGTTTCTGTGTGA;ENSG00000158691_tile0040;TGTAAAGAGTGTGGGAAATCATTCAGGCAGAACTCAGCTCTTACTCAACATCAGACTATCCACAAAGGAGAAAAATCTGTTTCTGTGTGA;CKECGKSFRQNSALTQHQTIHKGEKSVSV*;5;0,2;;0,04;;;0,001659784;0,285024155;0,000953165
Specimen_001_H11_H11,fcs;0,99;0,48;0,98;0,27;15081;0,002198613;ENSG00000205189;ct;58;3;GATGAAGAGCTAGTTGATGATGGAGAAGATCAGAATGATCCCTCTCGATGGGATGAATCAGGAGAAGTTTGTATGTCTCTAGATGATTAA;ENSG00000205189_tile0058;GATGAAGAGCTAGTTGATGATGGAGAAGATCAGAATGATCCCTCTCGATGGGATGAATCAGGAGAAGTTTGTATGTCTCTAGATGATTAA;DEELVDDGEDQNDPSRWDESGEVCMSLDD*;5;-0,04;;0,03;;;0,002198613;0,47826087;0,001369644
ppary_tile_1;0,33;0,297297297;;0,12;20184;0,000844652;ENSG00000132170;;1;;ATGGTTGACACAGAGATGCCATTCTGGCCCACCAACTTTGGGATCAGCTCCGTGGATCTCTCCGTAATGGAAGACCACTCCCACTCCTTT;ENSG00000132170_tile0001;ATGGTTGACACAGAGATGCCATTCTGGCCCACCAACTTTGGGATCAGCTCCGTGGATCTCTCCGTAATGGAAGACCACTCCCACTCCTTT;MVDTEMPFWPTNFGISSVDLSVMEDHSHSF;6;0,297859617;;0,026069424;;;0,000844652;0,297297297;0,000793861
ppary_tile_3;0,26;0,234234234;;0,056;13601;0,000480178;ENSG00000132170;;3;;GATATCAAGCCCTTCACTACTGTTGACTTCTCCAGCATTTCTACTCCACATTACGAAGACATTCCATTCACAAGAACAGATCCAGTGGTT;ENSG00000132170_tile0003;GATATCAAGCCCTTCACTACTGTTGACTTCTCCAGCATTTCTACTCCACATTACGAAGACATTCCATTCACAAGAACAGATCCAGTGGTT;DIKPFTTVDFSSISTPHYEDIPFTRTDPVV;6;0,382303358;;0,07776357;;;0,000480178;0,234234234;0,000467871
ppary_tile_4;0,39;0,351351351;;0,13;16202;0,001021313;ENSG00000132170;;4;;CCACATTACGAAGACATTCCATTCACAAGAACAGATCCAGTGGTTGCAGATTACAAGTATGACCTGAAACTTCAAGAGTACCAAAGTGCA;ENSG00000132170_tile0004;CCACATTACGAAGACATTCCATTCACAAGAACAGATCCAGTGGTTGCAGATTACAAGTATGACCTGAAACTTCAAGAGTACCAAAGTGCA;PHYEDIPFTRTDPVVADYKYDLKLQEYQSA;6;0,245714658;;0,083333126;;;0,001021313;0,351351351;0,000958156
ppary_tile_5;0,22;0,261904762;;0,038;8834;0,000404301;ENSG00000132170;;5;;GCAGATTACAAGTATGACCTGAAACTTCAAGAGTACCAAAGTGCAATCAAAGTGGAGCCTGCATCTCCACCTTATTATTCTGAGAAGACT;ENSG00000132170_tile0005;GCAGATTACAAGTATGACCTGAAACTTCAAGAGTACCAAAGTGCAATCAAAGTGGAGCCTGCATCTCCACCTTATTATTCTGAGAAGACT;ADYKYDLKLQEYQSAIKVEPASPPYYSEKT;6;-0,028367926;;0,072082999;;;0,000404301;0,261904762;0,000660363
ppary_tile_7;0,28;0,294736842;;0,049;9991;0,000490221;ENSG00000132170;;7;;CAGCTCTACAATAAGCCTCATGAAGAGCCTTCCAACTCCCTCATGGCAATTGAATGTCGTGTCTGTGGAGATAAAGCTTCTGGATTTCAC;ENSG00000132170_tile0007;CAGCTCTACAATAAGCCTCATGAAGAGCCTTCCAACTCCCTCATGGCAATTGAATGTCGTGTCTGTGGAGATAAAGCTTCTGGATTTCAC;QLYNKPHEEPSNSLMAIECRVCGDKASGFH;6;0,324731651;;0,050885795;;;0,000490221;0,28;0,000490221
ppary_tile_8;0,33;0,347368421;;0,064;9750;0,000648153;ENSG00000132170;;8;;GCAATTGAATGTCGTGTCTGTGGAGATAAAGCTTCTGGATTTCACTATGGAGTTCATGCTTGTGAAGGATGCAAGGGTTTCTTCCGGAGA;ENSG00000132170_tile0008;GCAATTGAATGTCGTGTCTGTGGAGATAAAGCTTCTGGATTTCACTATGGAGTTCATGCTTGTGAAGGATGCAAGGGTTTCTTCCGGAGA;AIECRVCGDKASGFHYGVHACEGCKGFFRR;6;0,111506876;;0,092690474;;;0,000648153;0,33;0,000648153
ppary_tile_10;0,029;0,030526316;;0,011;9739;0,000111464;ENSG00000132170;;10;;ACAATCAGATTGAAGCTTATCTATGACAGATGTGATCTTAACTGTCGGATCCACAAAAAAAGTAGAAATAAATGTCAGTACTGTCGGTTT;ENSG00000132170_tile0010;ACAATCAGATTGAAGCTTATCTATGACAGATGTGATCTTAACTGTCGGATCCACAAAAAAAGTAGAAATAAATGTCAGTACTGTCGGTTT;TIRLKLIYDRCDLNCRIHKKSRNKCQYCRF;6;1038406375;;0,063205549;;;0,000111464;0,029;0,000111464
ppary_tile_11;0,2;0,210526316;;0,046;9759;0,000465645;ENSG00000132170;;11;;CGGATCCACAAAAAAAGTAGAAATAAATGTCAGTACTGTCGGTTTCAGAAATGCCTTGCAGTGGGGATGTCTCATAATGCCATCAGGTTT;ENSG00000132170_tile0011;CGGATCCACAAAAAAAGTAGAAATAAATGTCAGTACTGTCGGTTTCAGAAATGCCTTGCAGTGGGGATGTCTCATAATGCCATCAGGTTT;RIHKKSRNKCQYCRFQKCLAVGMSHNAIRF;6;0,669903394;;0,052034852;;;0,000465645;0,2;0,000465645
ppary_tile_12;0,033;0,034736842;;0,017;9704;0,000172573;ENSG00000132170;;12;;CAGAAATGCCTTGCAGTGGGGATGTCTCATAATGCCATCAGGTTTGGGCGGATGCCACAGGCCGAGAAGGAGAAGCTGTTGGCGGAGATC;ENSG00000132170_tile0012;CAGAAATGCCTTGCAGTGGGGATGTCTCATAATGCCATCAGGTTTGGGCGGATGCCACAGGCCGAGAAGGAGAAGCTGTTGGCGGAGATC;QKCLAVGMSHNAIRFGRMPQAEKEKLLAEI;4;1224341938;;0,257941909;;;0,000172573;0,033;0,000172573
ppary_tile_14;0,056;0,066666667;;0,016;9021;0,000168458;ENSG00000132170;;14;;TCCAGTGATATCGACCAGCTGAATCCAGAGTCCGCTGACCTCCGGGCCCTGGCAAAACATTTGTATGACTCATACATAAAGTCCTTCCCG;ENSG00000132170_tile0014;TCCAGTGATATCGACCAGCTGAATCCAGAGTCCGCTGACCTCCGGGCCCTGGCAAAACATTTGTATGACTCATACATAAAGTCCTTCCCG;SSDIDQLNPESADLRALAKHLYDSYIKSFP;6;0,678855191;;0,044138215;;;0,000168458;0,066666667;0,000231222
ppary_tile_15;0,014;0,016666667;;0,00427;9030;4,49E-05;ENSG00000132170;;15;;GCCCTGGCAAAACATTTGTATGACTCATACATAAAGTCCTTCCCGCTGACCAAAGCAAAGGCGAGGGCGATCTTGACAGGAAAGACAACA;ENSG00000132170_tile0015;GCCCTGGCAAAACATTTGTATGACTCATACATAAAGTCCTTCCCGCTGACCAAAGCAAAGGCGAGGGCGATCTTGACAGGAAAGACAACA;ALAKHLYDSYIKSFPLTKAKARAILTGKTT;6;1081592532;;0,037990395;;;4,49E-05;0,016666667;6,07E-05
ppary_tile_16;0,075;0,078947368;;0,026;9715;0,000263786;ENSG00000132170;;16;;CTGACCAAAGCAAAGGCGAGGGCGATCTTGACAGGAAAGACAACAGACAAATCACCATTCGTTATCTATGACATGAATTCCTTAATGATG;ENSG00000132170_tile0016;CTGACCAAAGCAAAGGCGAGGGCGATCTTGACAGGAAAGACAACAGACAAATCACCATTCGTTATCTATGACATGAATTCCTTAATGATG;LTKAKARAILTGKTTDKSPFVIYDMNSLMM;6;0,662248396;;0,067562765;;;0,000263786;0,078947368;0,000281419
ppary_tile_18;0,11;0,115789474;;0,029;9691;0,000294587;ENSG00000132170;;18;;GGAGAAGATAAAATCAAGTTCAAACACATCACCCCCCTGCAGGAGCAGAGCAAAGAGGTGGCCATCCGCATCTTTCAGGGCTGCCAGTTT;ENSG00000132170_tile0018;GGAGAAGATAAAATCAAGTTCAAACACATCACCCCCCTGCAGGAGCAGAGCAAAGAGGTGGCCATCCGCATCTTTCAGGGCTGCCAGTTT;GEDKIKFKHITPLQEQSKEVAIRIFQGCQF;6;0,720280444;;0,151100963;;;0,000294587;0,115789474;0,000317279
ppary_tile_19;0,13;0,136842105;;0,03;9758;0,000303697;ENSG00000132170;;19;;CAGAGCAAAGAGGTGGCCATCCGCATCTTTCAGGGCTGCCAGTTTCGCTCCGTGGAGGCTGTGCAGGAGATCACAGAGTATGCCAAAAGC;ENSG00000132170_tile0019;CAGAGCAAAGAGGTGGCCATCCGCATCTTTCAGGGCTGCCAGTTTCGCTCCGTGGAGGCTGTGCAGGAGATCACAGAGTATGCCAAAAGC;QSKEVAIRIFQGCQFRSVEAVQEITEYAKS;6;0,696446393;;0,035703073;;;0,000303697;0,136842105;0,000329385
ppary_tile_20;0,36;0,378947368;;0,059;9824;0,000595262;ENSG00000132170;;20;;CGCTCCGTGGAGGCTGTGCAGGAGATCACAGAGTATGCCAAAAGCATTCCTGGTTTTGTAAATCTTGACTTGAACGACCAAGTAACTCTC;ENSG00000132170_tile0020;CGCTCCGTGGAGGCTGTGCAGGAGATCACAGAGTATGCCAAAAGCATTCCTGGTTTTGTAAATCTTGACTTGAACGACCAAGTAACTCTC;RSVEAVQEITEYAKSIPGFVNLDLNDQVTL;6;0,094270582;;0,094252997;;;0,000595262;0,378947368;0,000664014
ppary_tile_21;0,00303;0,003189474;;0,00509;9861;5,13E-05;ENSG00000132170;;21;;ATTCCTGGTTTTGTAAATCTTGACTTGAACGACCAAGTAACTCTCCTCAAATATGGAGTCCACGAGATCATTTACACAATGCTGGCCTCC;ENSG00000132170_tile0021;ATTCCTGGTTTTGTAAATCTTGACTTGAACGACCAAGTAACTCTCCTCAAATATGGAGTCCACGAGATCATTTACACAATGCTGGCCTCC;IPGFVNLDLNDQVTLLKYGVHEIIYTMLAS;6;1003381817;;0,090588691;;;5,13E-05;0,003189474;5,40E-05
ppary_tile_22;0,0006;0,0008;;0,000388;8898;4,11E-06;ENSG00000132170;;22;;CTCAAATATGGAGTCCACGAGATCATTTACACAATGCTGGCCTCCTTGATGAATAAAGATGGGGTTCTCATATCCGAGGGCCAAGGCTTC;ENSG00000132170_tile0022;CTCAAATATGGAGTCCACGAGATCATTTACACAATGCTGGCCTCCTTGATGAATAAAGATGGGGTTCTCATATCCGAGGGCCAAGGCTTC;LKYGVHEIIYTMLASLMNKDGVLISEGQGF;3;1189849602;;0,150523343;;;4,11E-06;0,000714286;5,05E-06
ppary_tile_24;0,06;0,063157895;;0,019;9951;0,000190467;ENSG00000132170;;24;;ATGACAAGGGAGTTTCTAAAGAGCCTGCGAAAGCCTTTTGGTGACTTTATGGAGCCCAAGTTTGAGTTTGCTGTGAAGTTCAATGCACTG;ENSG00000132170_tile0024;ATGACAAGGGAGTTTCTAAAGAGCCTGCGAAAGCCTTTTGGTGACTTTATGGAGCCCAAGTTTGAGTTTGCTGTGAAGTTCAATGCACTG;MTREFLKSLRKPFGDFMEPKFEFAVKFNAL;6;0,904563195;;0,119362689;;;0,000190467;0,063157895;0,00020381
ppary_tile_26;0,00555;0,005842105;;0,00251;9668;2,55E-05;ENSG00000132170;;26;;GAATTAGATGACAGCGACTTGGCAATATTTATTGCTGTCATTATTCTCAGTGGAGACCGCCCAGGTTTGCTGAATGTGAAGCCCATTGAA;ENSG00000132170_tile0026;GAATTAGATGACAGCGACTTGGCAATATTTATTGCTGTCATTATTCTCAGTGGAGACCGCCCAGGTTTGCTGAATGTGAAGCCCATTGAA;ELDDSDLAIFIAVIILSGDRPGLLNVKPIE;6;1087434434;;0,076508022;;;2,55E-05;0,005842105;2,71E-05
ppary_tile_27;0,27;0,284210526;;0,061;9703;0,000619265;ENSG00000132170;;27;;CTCAGTGGAGACCGCCCAGGTTTGCTGAATGTGAAGCCCATTGAAGACATTCAAGACAACCTGCTACAAGCCCTGGAGCTCCAGCTGAAG;ENSG00000132170_tile0027;CTCAGTGGAGACCGCCCAGGTTTGCTGAATGTGAAGCCCATTGAAGACATTCAAGACAACCTGCTACAAGCCCTGGAGCTCCAGCTGAAG;LSGDRPGLLNVKPIEDIQDNLLQALELQLK;6;0,371850328;;0,01657905;;;0,000619265;0,284210526;0,000672374
ppary_tile_29;0,013;0,01547619;;0,00458;9098;4,80E-05;ENSG00000132170;;29;;CTGAACCACCCTGAGTCCTCACAGCTGTTTGCCAAGCTGCTCCAGAAAATGACAGACCTCAGACAGATTGTCACGGAACACGTGCAGCTA;ENSG00000132170_tile0029;CTGAACCACCCTGAGTCCTCACAGCTGTTTGCCAAGCTGCTCCAGAAAATGACAGACCTCAGACAGATTGTCACGGAACACGTGCAGCTA;LNHPESSQLFAKLLQKMTDLRQIVTEHVQL;6;0,980080292;;0,024957926;;;4,80E-05;0,01547619;6,31E-05
ppary_tile_31;0,017;0,020238095;;0,00658;9399;6,79E-05;ENSG00000132170;;31;;CACGTGCAGCTACTGCAGGTGATCAAGAAGACGGAGACAGACATGAGTCTTCACCCGCTCCTGCAGGAGATCTACAAGGACTTGTACTAG;ENSG00000132170_tile0031;CACGTGCAGCTACTGCAGGTGATCAAGAAGACGGAGACAGACATGAGTCTTCACCCGCTCCTGCAGGAGATCTACAAGGACTTGTACTAG;HVQLLQVIKKTETDMSLHPLLQEIYKDLY*;5;0,985379424;;0,021309358;;;6,79E-05;0,020238095;8,80E-05
